J (mol / s m^2),ğ›¿ J (mol / s m^2),âˆ†p (Pa),ğ›¿ âˆ†p (Pa)
0.00075,0.00001,124100,700
0.00169,0.00001,268900,700
0.00254,0.00001,406800,700
0.00340,0.00001,537800,700